video_id,title,description,publish_time,url
1qEhmSIgpTg,"$900,000 in Ghana Real Estate vs. Smarter Options","In this video, I review a five-bedroom house in Ajinganur listed for nearly $900000. We'll break down the trends driving pricing in ...",2025-10-03T17:00:06Z,https://youtube.com/watch?v=1qEhmSIgpTg
HBzR3FmRrHM,The Future of Building in Ghana üá¨üá≠,"In this episode of the Akwaaba Podcast, we sit down with Charles from Multibuild Limited, a leading construction and project ...",2025-09-25T14:58:35Z,https://youtube.com/watch?v=HBzR3FmRrHM
eJXwFJERvZ8,"Estaaron Ventures: Growth, Real Estate, and Navigating Ghana‚Äôs Economic Shifts","In this section of the interview, Aaron Tawiah highlights the key achievements of Estaaron Ventures over its first decade and ...",2025-09-13T11:31:59Z,https://youtube.com/watch?v=eJXwFJERvZ8
B0_aIjKY2yk,The Ultimate Guide to Real Estate in Ghana,"Discover the ultimate guide to real estate in Ghana! From trends and insights to expert contributions, Housing In Ghana is your ...",2025-08-29T11:29:24Z,https://youtube.com/watch?v=B0_aIjKY2yk
RefazzjPSqA,"3 Bedroom House at East LEGON Hills, Accra Ghana #ghana #affordablehouse #houseforsale",,2025-08-23T17:33:04Z,https://youtube.com/watch?v=RefazzjPSqA
Ka75GRkH68Y,Ghana Real Estate: Bubble or Breakthrough? Insider Insights,"Is Ghana's property market heading for a bust‚Äîor a breakthrough? In this eye-opening chat with Maurice Aouad of IVI Properties, ...",2025-06-15T17:00:06Z,https://youtube.com/watch?v=Ka75GRkH68Y
dT6EFSuBITQ,Ghana is the best country for business investments....here&#39;s why!,"Ghana is quickly rising as Africa's top destination for business and investment, and here's why. With one of the fastest-growing ...",2025-06-10T14:57:31Z,https://youtube.com/watch?v=dT6EFSuBITQ
-vT7FRYrsxI,Accra‚Äôs Real Estate Scene | GPLE 2025 Prep &amp; Market Insights,"In just 40 seconds, get a sneak peek on the ground in Accra, as we catch up with real estate movers and shakers! From hot market ...",2025-05-28T14:25:46Z,https://youtube.com/watch?v=-vT7FRYrsxI
LE3NfUaIsMM,Why Invest in Ghana üá¨üá≠ | Top Reasons to Invest in Real Estate &amp; Business,"Thinking of investing in Africa? Start with Ghana. In this video, Elomi Abalo breaks down the top reasons why Ghana is one of the ...",2025-05-26T14:08:01Z,https://youtube.com/watch?v=LE3NfUaIsMM
HruxGCkyjT4,Ghana&#39;s Real Estate Market in 2025: What Every Seller Needs to Know! üè°üìà,Real estate sellers in Ghana ‚Äî 2025 is going to be BUSY! Are you ready to take full advantage of the booming market? In this ...,2025-05-24T16:04:42Z,https://youtube.com/watch?v=HruxGCkyjT4
tJGYn3F3Quk,Accra emerges as Africa‚Äôs third fastest-growing real estate market ‚Äì report,"Accra has been ranked the third fastest-growing real estate market in Africa, following Nairobi and Lagos, according to new data ...",2025-05-22T15:20:26Z,https://youtube.com/watch?v=tJGYn3F3Quk
_ugUtW_AfMQ,These Accra Neighborhoods Will be HOTSPOTS by 2027 | Real Estate in Ghana,"Looking to buy land or property in Ghana? The next 2‚Äì3 years could be crucial. In this episode, we reveal 6 areas in Ghana set ...",2025-04-18T15:00:57Z,https://youtube.com/watch?v=_ugUtW_AfMQ
ZP4wDBo09i8,Real estate market trends in Ghana,The increasing demand for properties in ghana market have been fuel by increased polution in the city. therefore the markett is ...,2025-04-18T09:34:25Z,https://youtube.com/watch?v=ZP4wDBo09i8
LGhiQt-Nvh4,Ghana Real Estate Bubble: Is it a Trap?,"Ghanaian real estate market insights! We explore the current market conditions, oversupply issues, and investment perspectives.",2025-03-28T09:00:23Z,https://youtube.com/watch?v=LGhiQt-Nvh4
hHEz361AqLg,Is Ghana&#39;s Real Estate market about to CRASH?,Watch the FULL EPISODE to find out more...,2025-03-20T11:01:16Z,https://youtube.com/watch?v=hHEz361AqLg
E4jkoIpcocg,Is Ghana‚Äôs Real Estate Market in a Bubble or a Boom? - S2 E10 - Ghana Ground Up,Many onlookers are wondering if Ghana's property market is experiencing a real growth or if it's just an illusion that will soo fade ...,2025-03-19T14:07:33Z,https://youtube.com/watch?v=E4jkoIpcocg
vVvflMFxU6Q,"Buying Land in Ghana: Prices, Growth &amp; Why Diasporans Are Investing Here!","Buying Land in Ghana: Prices, Growth & Why Diasporans Are Investing Here! Contact Us : +233 55 367 4646 Email ...",2025-03-12T17:00:06Z,https://youtube.com/watch?v=vVvflMFxU6Q
xsHatT_vJYQ,Why You Should Diversify Your Real Estate Portfolio üìà,Why You Should Diversify Your Real Estate Portfolio Smart investors don't put all their eggs in one basket‚Äîespecially in real ...,2025-03-04T02:01:01Z,https://youtube.com/watch?v=xsHatT_vJYQ
6IhKYcGoEVI,Housing In Ghana magazine - Edition 3 has arrived at Waylead Ghana (Alphabet City),Edition 3 of Housing In Ghana magazine has arrived at Waylead Ghana - Alphabet City! @wayleadgh Bringing insightful real ...,2025-02-21T14:35:50Z,https://youtube.com/watch?v=6IhKYcGoEVI
RUYZmfUaf6w,Golden Coast Developers receives their copies of the Housing In Ghana Magazine.,"Building the future, one home at a time! Housing in Ghana Magazine - Edition 3 has been successfully delivered to Golden Coast ...",2025-02-20T12:08:32Z,https://youtube.com/watch?v=RUYZmfUaf6w
